ID,password,name
141001,141001,Derek Lamb
141002,141002,Rhona Bruce
141003,141003,Elliott Foreman
141004,141004,Marshall Bird
141005,141005,Dakota Butler
141006,141006,Venus Dunn
141007,141007,Dillon Banks
141008,141008,Colin Christian
141009,141009,Jonas Mccoy
141010,141010,Dieter Walker
141011,141011,Orlando Dillon
141012,141012,Calista Snider
141013,141013,Audra Morton
141014,141014,Jemima Britt
141015,141015,Ivory Short
141016,141016,Piper Thomas
141017,141017,Kaye Dyer
141018,141018,Russell Houston
141019,141019,Joelle Norman
141020,141020,Hilel Head
141021,141021,Dawn Vargas
141022,141022,Jamalia Huber
141023,141023,Vielka Chan
141024,141024,Sybil Hood
141025,141025,Paula Parrish
141026,141026,Laurel Bradford
141027,141027,Deborah Gordon
141028,141028,Victoria Collins
141029,141029,Zachary Key
141030,141030,Aphrodite Burt
141031,141031,Hannah Glenn
141032,141032,Leo Coffey
141033,141033,Hadley Waters
141034,141034,Wing Mcconnell
141035,141035,Boris Fuller
141036,141036,Melyssa Ortiz
141037,141037,Erica Jenkins
141038,141038,Alexandra Wooten
141039,141039,Donna Holden
141040,141040,Shelly Soto
141041,141041,Karly Gordon
141042,141042,Kylynn Alexander
141043,141043,Caleb Mayo
141044,141044,Gillian Case
141045,141045,Bert Vazquez
141046,141046,Drew Whitfield
141047,141047,Barrett Hooper
141048,141048,Ulysses Monroe
141049,141049,Courtney Potter
141050,141050,Ingrid Holloway
141051,141051,Lamar Keith
141052,141052,Macy Dalton
141053,141053,Wyoming Branch
141054,141054,Amy Mercado
141055,141055,Carl Mcclain
141056,141056,Leroy Cervantes
141057,141057,Kai Conway
141058,141058,Howard Michael
141059,141059,Jorden Compton
141060,141060,Gillian Reese
141061,141061,Oprah Norris
141062,141062,Rhiannon Sheppard
141063,141063,Kenyon Butler
141064,141064,Germane Mitchell
141065,141065,Jonas Conley
141066,141066,Graham Richard
141067,141067,Celeste Knapp
141068,141068,Priscilla Patton
141069,141069,Sydney Shepherd
141070,141070,Emma Deleon
141071,141071,Margaret Espinoza
141072,141072,Kaye Jordan
141073,141073,Colin Hewitt
141074,141074,Michelle Banks
141075,141075,Leslie Francis
141076,141076,Rashad Maldonado
141077,141077,Colton Park
141078,141078,Veda Lowe
141079,141079,Lysandra Hunter
141080,141080,Cade Gonzalez
141081,141081,Gail Church
141082,141082,Dara Simpson
141083,141083,Jin Allen
141084,141084,Caesar Rosa
141085,141085,Indigo Craft
141086,141086,Ava English
141087,141087,Vielka Sellers
141088,141088,Hedy Durham
141089,141089,Idola Anthony
141090,141090,Fitzgerald Hines
141091,141091,Sylvester Holder
141092,141092,Denise Mcclure
141093,141093,Amir Hendricks
141094,141094,Arsenio Huber
141095,141095,Ulla Acosta
141096,141096,Lesley Cline
141097,141097,Sandra Moss
141098,141098,Oliver Dawson
141099,141099,Marah Baird
141100,141100,Hiroko Blair